CustomerName,Total_Sales,Total_Profit,Order_Count,Total_Quantity,Profit_Margin_pct,Sales_Rank
Yaanvi,9177.0,488.0,2,71,5.32,1
Pooja,9030.0,-269.0,5,57,-2.98,2
Abhishek,8135.0,1314.0,5,89,16.15,3
Surabhi,6889.0,412.0,4,55,5.98,4
Soumya,6869.0,894.0,3,58,13.01,5
Harshal,6026.0,864.0,1,25,14.34,6
Priyanka,5762.0,1340.0,4,79,23.26,7
Shruti,5750.0,485.0,4,67,8.43,8
Abhijeet,5691.0,1562.0,2,45,27.45,9
Sarita,5449.0,1265.0,3,50,23.22,10
Yogesh,5421.0,-347.0,4,55,-6.4,11
Seema,5228.0,1970.0,1,40,37.68,12
Parth,5161.0,534.0,2,34,10.35,13
Swapnil,4929.0,1215.0,3,49,24.65,14
Bhishm,4907.0,613.0,3,26,12.49,15
Rohan,4901.0,917.0,4,50,18.71,16
Vishakha,4836.0,966.0,1,13,19.98,17
Parishi,4741.0,900.0,2,50,18.98,18
Aarushi,4701.0,-1669.0,3,49,-35.5,19
Farah,4675.0,-483.0,2,49,-10.33,20
Tulika,4668.0,-77.0,2,44,-1.65,21
Anurag,4259.0,150.0,2,43,3.52,22
Shreya,3952.0,-340.0,6,65,-8.6,23
Pearl,3944.0,995.0,3,26,25.23,24
Mohit,3912.0,55.0,1,47,1.41,25
Shrichand,3828.0,-705.0,3,20,-18.42,26
Shishu,3803.0,-1836.0,1,26,-48.28,27
Mukesh,3704.0,610.0,3,37,16.47,28
Bhawna,3599.0,-575.0,1,23,-15.98,29
Jay,3574.0,-265.0,1,29,-7.41,30
Hitesh,3548.0,117.0,1,30,3.3,31
Anjali,3537.0,547.0,3,41,15.47,32
Shubham,3387.0,834.0,5,54,24.62,33
Neha,3350.0,501.0,1,23,14.96,34
Gaurav,3349.0,1011.0,2,35,30.19,35
Shreyshi,3343.0,251.0,1,15,7.51,36
Sauptik,3287.0,-927.0,1,27,-28.2,37
Aastha,3276.0,873.0,1,28,26.65,38
Ayush,3269.0,-72.0,3,27,-2.2,39
Shivanshu,3266.0,820.0,1,25,25.11,40
Kirti,3216.0,281.0,2,47,8.74,41
Shourya,3205.0,354.0,1,28,11.05,42
Chirag,3192.0,-731.0,2,34,-22.9,43
Pinky,3160.0,345.0,3,48,10.92,44
Krutika,3112.0,318.0,2,48,10.22,45
Vaibhav,3065.0,241.0,1,38,7.86,46
Ishpreet,3003.0,243.0,1,23,8.09,47
Jahan,2807.0,105.0,3,43,3.74,48
Sheetal,2756.0,452.0,4,25,16.4,49
Atharv,2584.0,361.0,3,40,13.97,50
Paridhi,2466.0,92.0,2,52,3.73,51
Sanjana,2450.0,496.0,2,22,20.24,52
Chandni,2390.0,-304.0,1,18,-12.72,53
Diwakar,2342.0,420.0,1,40,17.93,54
Kartik,2308.0,89.0,2,40,3.86,55
Shweta,2293.0,321.0,3,29,14.0,56
Pournamasi,2286.0,1027.0,2,25,44.93,57
Muskan,2268.0,627.0,1,30,27.65,58
Amol,2262.0,745.0,1,12,32.94,59
Sujay,2233.0,450.0,1,16,20.15,60
Vedant,2208.0,240.0,1,12,10.87,61
Ameesha,2148.0,-273.0,1,10,-12.71,62
Vini,2139.0,-309.0,3,31,-14.45,63
Manju,2084.0,799.0,3,19,38.34,64
Mohan,2070.0,-870.0,1,18,-42.03,65
Mahima,2030.0,304.0,3,24,14.98,66
Trupti,2017.0,131.0,1,20,6.49,67
Rishabh,2002.0,-685.0,1,21,-34.22,68
Vijay,1995.0,-292.0,1,24,-14.64,69
Sudhir,1969.0,512.0,1,10,26.0,70
Amit,1934.0,-74.0,2,35,-3.83,71
Aashna,1931.0,376.0,1,32,19.47,72
Ajay,1922.0,292.0,3,42,15.19,73
Siddharth,1921.0,-184.0,2,39,-9.58,74
Shardul,1907.0,420.0,1,22,22.02,75
Oshin,1904.0,660.0,1,23,34.66,76
Mrinal,1895.0,672.0,1,26,35.46,77
Sonal,1790.0,217.0,2,41,12.12,78
Jesal,1782.0,516.0,1,29,28.96,79
Shaily,1777.0,-370.0,1,22,-20.82,80
Divyeta,1757.0,455.0,1,11,25.9,81
Lisha,1729.0,-125.0,2,5,-7.23,82
Sukrith,1721.0,-566.0,1,25,-32.89,83
Sharda,1715.0,398.0,2,18,23.21,84
Girase,1678.0,316.0,1,9,18.83,85
Ankit,1647.0,419.0,3,18,25.44,86
Hemant,1643.0,455.0,2,8,27.69,87
Mayank,1629.0,310.0,2,33,19.03,88
Nripraj,1619.0,339.0,1,23,20.94,89
Noopur,1607.0,-207.0,1,17,-12.88,90
Harsh,1593.0,537.0,3,24,33.71,91
Shivam,1587.0,-219.0,2,49,-13.8,92
Shreyoshe,1582.0,-443.0,1,6,-28.0,93
Bharat,1579.0,-1153.0,3,25,-73.02,94
Shatayu,1571.0,421.0,1,13,26.8,95
Pratyusmita,1570.0,-223.0,1,9,-14.2,96
Madhulika,1549.0,-439.0,1,4,-28.34,97
Rhea,1544.0,415.0,2,14,26.88,98
Aman,1540.0,-46.0,2,40,-2.99,99
Aditi,1521.0,-129.0,2,28,-8.48,100
Anand,1514.0,396.0,2,22,26.16,101
Rutuja,1511.0,-900.0,1,28,-59.56,102
Soumyabrata,1510.0,290.0,1,19,19.21,103
Pranav,1493.0,189.0,2,23,12.66,104
Sahil,1490.0,-85.0,2,30,-5.7,105
Vandana,1456.0,179.0,3,33,12.29,106
Anudeep,1441.0,-528.0,1,12,-36.64,107
Dashyam,1430.0,609.0,1,9,42.59,108
Parin,1404.0,-15.0,1,11,-1.07,109
Monica,1397.0,173.0,1,28,12.38,110
Sabah,1384.0,-182.0,1,21,-13.15,111
Kushal,1383.0,343.0,1,39,24.8,112
Akshay,1367.0,-751.0,3,49,-54.94,113
Savi,1361.0,-980.0,1,3,-72.01,114
Vikash,1350.0,278.0,1,5,20.59,115
Nidhi,1329.0,205.0,2,23,15.43,116
Amruta,1318.0,377.0,1,18,28.6,117
Yohann,1314.0,342.0,1,3,26.03,118
Surbhi,1309.0,150.0,2,22,11.46,119
Arpita,1301.0,573.0,1,5,44.04,120
Arti,1298.0,65.0,1,9,5.01,121
Pranjali,1250.0,486.0,1,7,38.88,122
Monu,1246.0,62.0,1,3,4.98,123
Snel,1245.0,451.0,1,15,36.22,124
Priyanshu,1213.0,-278.0,1,32,-22.92,125
Amlan,1210.0,287.0,1,26,23.72,126
Nida,1201.0,-470.0,2,44,-39.13,127
Jitesh,1190.0,204.0,3,23,17.14,128
Sakshi,1171.0,-10.0,2,22,-0.85,129
Hitika,1160.0,285.0,3,17,24.57,130
Nishant,1136.0,-58.0,1,25,-5.11,131
Mhatre,1133.0,-9.0,1,10,-0.79,132
Shivangi,1130.0,102.0,2,26,9.03,133
Tejeswini,1116.0,-22.0,1,6,-1.97,134
Mitali,1076.0,83.0,2,5,7.71,135
Ankur,1063.0,26.0,2,5,2.45,136
Megha,1057.0,-80.0,2,28,-7.57,137
Atul,1034.0,-122.0,1,22,-11.8,138
Deepak,1013.0,97.0,3,21,9.58,139
Kishwar,1013.0,-146.0,1,22,-14.41,139
Prashant,994.0,275.0,1,21,27.67,140
Avish,993.0,80.0,1,12,8.06,141
Parna,975.0,-535.0,1,30,-54.87,142
Divsha,968.0,169.0,3,30,17.46,143
Asish,965.0,-320.0,1,22,-33.16,144
Kasheen,958.0,257.0,3,17,26.83,145
Hazel,944.0,68.0,3,17,7.2,146
Aishwarya,939.0,41.0,1,9,4.37,147
Sanjova,934.0,-134.0,1,11,-14.35,148
Tanvi,934.0,-916.0,1,7,-98.07,148
Hrisheekesh,911.0,202.0,1,7,22.17,149
Amisha,909.0,-652.0,1,23,-71.73,150
Aniket,907.0,296.0,1,12,32.64,151
Nikita,902.0,141.0,1,12,15.63,152
Komal,896.0,191.0,3,28,21.32,153
Kartikay,890.0,34.0,1,18,3.82,154
Kajal,889.0,262.0,2,12,29.47,155
Manshul,844.0,193.0,1,13,22.87,156
Sanjna,826.0,-48.0,1,15,-5.81,157
Shikhar,820.0,-530.0,2,16,-64.63,158
Paromita,811.0,154.0,1,7,18.99,159
Sweta,808.0,-56.0,2,17,-6.93,160
Sneha,806.0,199.0,1,10,24.69,161
Akancha,806.0,22.0,1,10,2.73,161
Yash,791.0,-647.0,1,21,-81.8,162
Charika,768.0,-4.0,1,8,-0.52,163
Brijesh,761.0,139.0,1,13,18.27,164
Praneet,743.0,89.0,1,5,11.98,165
Chikku,724.0,253.0,1,2,34.94,166
Bhaggyasree,715.0,-406.0,1,8,-56.78,167
Aditya,703.0,57.0,3,23,8.11,168
Kanak,699.0,72.0,3,38,10.3,169
Ekta,694.0,-451.0,2,40,-64.99,170
Aayushi,689.0,37.0,3,18,5.37,171
Nishi,669.0,116.0,2,13,17.34,172
Vineet,666.0,92.0,1,9,13.81,173
Manisha,662.0,240.0,1,2,36.25,174
Tanushree,637.0,261.0,1,2,40.97,175
Dhanraj,632.0,-114.0,1,4,-18.04,176
Piyali,610.0,-66.0,1,2,-10.82,177
Tushina,600.0,-383.0,2,33,-63.83,178
Monisha,587.0,16.0,3,9,2.73,179
Mrunal,582.0,117.0,1,19,20.1,180
Anita,561.0,-54.0,3,17,-9.63,181
Aayush,556.0,-38.0,1,18,-6.83,182
Subhashree,529.0,-272.0,2,20,-51.42,183
Sanjay,517.0,-61.0,3,8,-11.8,184
Harshita,504.0,116.0,1,3,23.02,185
Chetan,497.0,68.0,1,8,13.68,186
Kiran,490.0,-128.0,1,8,-26.12,187
Navdeep,482.0,-6.0,1,7,-1.24,188
Apsingekar,478.0,25.0,1,15,5.23,189
Sudheer,477.0,62.0,1,8,13.0,190
Ramesh,471.0,114.0,3,11,24.2,191
Suraj,468.0,95.0,1,10,20.3,192
Divyansha,465.0,207.0,1,9,44.52,193
Aparajita,465.0,57.0,1,5,12.26,193
Ashmeet,459.0,-121.0,1,12,-26.36,194
Sagar,439.0,-240.0,3,12,-54.67,195
Bathina,425.0,-74.0,1,8,-17.41,196
Nitant,420.0,46.0,1,11,10.95,197
Srishti,416.0,137.0,1,3,32.93,198
Saptadeep,404.0,80.0,1,22,19.8,199
Mane,391.0,113.0,1,8,28.9,200
Sathya,388.0,93.0,1,2,23.97,201
Manjiri,387.0,11.0,1,13,2.84,202
Turumella,384.0,66.0,1,10,17.19,203
Ginny,381.0,65.0,1,17,17.06,204
Devendra,373.0,-254.0,1,6,-68.1,205
Anchal,369.0,-7.0,1,14,-1.9,206
Divyansh,367.0,-225.0,1,14,-61.31,207
Swetha,352.0,-345.0,1,5,-98.01,208
Stuti,351.0,15.0,1,9,4.27,209
Apoorva,345.0,38.0,1,7,11.01,210
K,336.0,123.0,1,3,36.61,211
Sandra,325.0,-67.0,1,12,-20.62,212
Shantanu,315.0,77.0,1,8,24.44,213
Nandita,309.0,117.0,1,5,37.86,214
Bhavna,307.0,50.0,3,17,16.29,215
Kalyani,295.0,78.0,1,11,26.44,216
Mansi,291.0,48.0,1,11,16.49,217
Arsheen,285.0,-149.0,1,18,-52.28,218
Bhosale,282.0,14.0,1,4,4.96,219
Ankita,280.0,43.0,1,17,15.36,220
Sukruta,277.0,3.0,1,1,1.08,221
Sukant,276.0,-21.0,1,2,-7.61,222
Sandeep,265.0,73.0,1,21,27.55,223
Ritu,265.0,-117.0,2,7,-44.15,223
Palak,263.0,50.0,1,5,19.01,224
Kshitij,259.0,47.0,1,5,18.15,225
Shivani,251.0,73.0,2,14,29.08,226
Divyeshkumar,248.0,8.0,1,2,3.23,227
Karandeep,244.0,122.0,1,5,50.0,228
Sonakshi,237.0,57.0,3,11,24.05,229
Moumita,234.0,39.0,1,10,16.67,230
Riya,228.0,-63.0,1,6,-27.63,231
Patil,220.0,28.0,1,14,12.73,232
Shefali,220.0,42.0,2,7,19.09,232
Suman,207.0,78.0,1,4,37.68,233
Sanskriti,203.0,90.0,2,9,44.33,234
Saurabh,203.0,34.0,2,4,16.75,234
Omkar,196.0,-7.0,1,5,-3.57,235
Piyam,193.0,8.0,1,4,4.15,236
Adhvaita,193.0,-275.0,1,3,-142.49,236
Anisha,193.0,-17.0,1,13,-8.81,236
Manibalan,189.0,87.0,1,7,46.03,237
Ishit,188.0,-60.0,1,19,-31.91,238
Shubhi,180.0,-110.0,1,10,-61.11,239
Pradeep,179.0,25.0,1,5,13.97,240
Jaideep,177.0,41.0,1,4,23.16,241
Maithilee,174.0,-94.0,1,12,-54.02,242
Ashmi,172.0,26.0,2,8,15.12,243
Suhani,171.0,14.0,1,9,8.19,244
Rashmi,170.0,38.0,2,9,22.35,245
Syed,169.0,38.0,1,3,22.49,246
Subhasmita,167.0,43.0,1,7,25.75,247
Chayanika,166.0,-113.0,1,4,-68.07,248
Aromal,166.0,28.0,1,9,16.87,248
Raksha,158.0,-63.0,1,4,-39.87,249
Bhargav,152.0,50.0,1,6,32.89,250
Mukund,152.0,23.0,1,3,15.13,250
Aryan,149.0,-37.0,1,11,-24.83,251
Prajakta,148.0,54.0,1,2,36.49,252
Vaibhavi,148.0,59.0,1,3,39.86,252
Smriti,147.0,25.0,1,4,17.01,253
Krishna,145.0,47.0,1,17,32.41,254
Meghana,139.0,14.0,1,3,10.07,255
Teena,137.0,-41.0,1,3,-29.93,256
Samiksha,134.0,42.0,1,2,31.34,257
Daksh,133.0,-56.0,1,2,-42.11,258
Akash,131.0,-154.0,1,8,-117.56,259
Wale,130.0,-97.0,1,8,-74.62,260
Utsav,126.0,52.0,1,4,41.27,261
Kritika,124.0,-71.0,1,9,-57.26,262
Masurkar,121.0,19.0,1,4,15.7,263
Dheeraj,119.0,1.0,1,1,0.84,264
Gunjal,118.0,25.0,1,4,21.19,265
Jesslyn,115.0,47.0,1,2,40.87,266
Vivek,114.0,7.0,1,8,6.14,267
Apoorv,108.0,37.0,1,2,34.26,268
Rahul,105.0,33.0,1,6,31.43,269
Rane,105.0,-45.0,1,7,-42.86,269
Geetanjali,103.0,21.0,1,7,20.39,270
Preksha,102.0,11.0,1,6,10.78,271
Shyam,101.0,38.0,1,2,37.62,272
Jayanti,100.0,7.0,1,2,7.0,273
Dhirajendu,96.0,-59.0,1,13,-61.46,274
Soodesh,94.0,7.0,1,7,7.45,275
Parnavi,87.0,10.0,1,3,11.49,276
Parakh,86.0,9.0,1,3,10.47,277
Swati,86.0,8.0,1,2,9.3,277
Arun,85.0,-1.0,1,3,-1.18,278
Utkarsh,80.0,26.0,1,9,32.5,279
Nirja,79.0,24.0,1,9,30.38,280
Abhijit,78.0,27.0,1,3,34.62,281
Avni,76.0,-50.0,1,1,-65.79,282
Aakanksha,74.0,-18.0,1,8,-24.32,283
Sidharth,73.0,-36.0,1,3,-49.32,284
Mugdha,71.0,32.0,1,3,45.07,285
Bhutekar,71.0,-14.0,1,4,-19.72,285
Nikhil,61.0,25.0,1,4,40.98,286
Noshiba,58.0,-52.0,1,3,-89.66,287
Dipali,57.0,6.0,1,5,10.53,288
Manish,55.0,13.0,2,5,23.64,289
Pratiksha,53.0,8.0,1,3,15.09,290
Akshata,52.0,18.0,1,2,34.62,291
Anmol,50.0,-28.0,1,5,-56.0,292
Duhita,50.0,-17.0,1,2,-34.0,292
Inderpreet,48.0,-8.0,1,8,-16.67,293
Mousam,47.0,-20.0,1,2,-42.55,294
Rachna,47.0,-19.0,2,3,-40.43,294
Sajal,42.0,-3.0,1,1,-7.14,295
Phalguni,40.0,15.0,1,1,37.5,296
Snehal,38.0,-6.0,1,2,-15.79,297
Tejas,34.0,13.0,1,2,38.24,298
Arindam,34.0,-10.0,1,6,-29.41,298
Swetlana,31.0,-11.0,1,4,-35.48,299
Akshat,31.0,-7.0,1,5,-22.58,299
Gunjan,31.0,10.0,1,3,32.26,299
Jaydeep,30.0,11.0,1,5,36.67,300
Namrata,30.0,-35.0,1,1,-116.67,300
Akanksha,27.0,-15.0,1,1,-55.56,301
Sumeet,24.0,2.0,1,4,8.33,302
Ashvini,22.0,11.0,1,2,50.0,303
Saloni,17.0,7.0,1,3,41.18,304
Ananya,16.0,5.0,1,1,31.25,305
Anubhaw,16.0,-5.0,1,2,-31.25,305
Vipul,16.0,6.0,1,1,37.5,305
Rohit,15.0,4.0,1,1,26.67,306
Hemangi,13.0,3.0,1,1,23.08,307
Dinesh,12.0,3.0,1,1,25.0,308
Ashwin,11.0,-8.0,1,2,-72.73,309
