State,Total_Sales,Total_Profit,Total_Quantity,Profit_Margin_pct
Maharashtra,95348.0,6176.0,1056,6.48
Madhya Pradesh,105140.0,5551.0,1360,5.28
Uttar Pradesh,22359.0,3237.0,288,14.48
Delhi,22531.0,2987.0,277,13.26
West Bengal,14086.0,2500.0,216,17.75
Kerala ,13459.0,1871.0,157,13.9
Haryana,8863.0,1325.0,111,14.95
Rajasthan,21149.0,1257.0,282,5.94
Himachal Pradesh,8666.0,656.0,113,7.57
Karnataka,15058.0,645.0,180,4.28
Gujarat,21058.0,465.0,328,2.21
Sikkim,5276.0,401.0,93,7.6
Goa,6705.0,370.0,145,5.52
Nagaland,11903.0,148.0,173,1.24
Jammu and Kashmir,10829.0,8.0,177,0.07
Bihar,12943.0,-321.0,206,-2.48
Andhra Pradesh,13256.0,-496.0,146,-3.74
Punjab,16786.0,-609.0,216,-3.63
Tamil Nadu,6087.0,-2216.0,91,-36.41
